{"cameraMode":{"drawMode":0,"name":"Shaded","section":"Shading Mode"},"sceneLighting":true,"audioPlay":false,"sceneViewState":{"showFog":true,"showMaterialUpdate":true,"showSkybox":true,"showFlares":true,"showImageEffects":true,"showParticleSystems":true},"in2DMode":false,"pivot":{"x":-0.0775146484375,"y":-0.8662109375,"z":0.2529296875},"rotation":{"x":0.15681779384613038,"y":-0.02073439210653305,"z":0.0033266760874539615,"w":0.9874243140220642},"size":3.837313175201416,"orthographic":true}