{"cameraMode":{"drawMode":0,"name":"Shaded","section":"Shading Mode"},"sceneLighting":true,"audioPlay":false,"sceneViewState":{"showFog":true,"showMaterialUpdate":true,"showSkybox":true,"showFlares":true,"showImageEffects":true,"showParticleSystems":true},"in2DMode":false,"pivot":{"x":-0.6417689323425293,"y":-0.8663568496704102,"z":-0.9972436428070068},"rotation":{"x":-0.20987315475940705,"y":0.5511616468429565,"z":-0.1456238031387329,"w":-0.7943347692489624},"size":1.907106637954712,"orthographic":false}